sEmploID,sEmployeeName,mMonthlyIncome,mTotalHeritage,sCity,sState,sCountryofBirth,sBranch,dtOpened,dtDateofBirth,sAddress1,sStatus,sOccupation,sMaritalStatus,nFamilyResponsibilities,sLegalSituation,sDisability,nExperience,sHomePhone,sBusinessPhone,sAcademicLevel,sEmail,sAddInfo1,fNumericInfo1,nVacation,dtCreated
615603f5-1ad3-43e7-aa8f-ef7e22f0fae7,Jessica Moore,20038,9736623,Brownbury,Maryland,Pakistan,"Soto, Dixon and Estrada",2006-11-21 23:08:10,1999-01-22 00:00:00,"0901 Anna Stream
Dunnfurt, FL 95664",friend,Best boy,while,7,poor,art,1,+1-545-674-4927x28570,+1-320-558-8509,buy,mike11@example.net,per,45.0,6,2024-01-17 23:33:34
17539484-803d-44e0-9e77-d9c6e6299b54,Cynthia Chambers,17167,4659275,East Chadton,Maine,New Zealand,Weber Group,2006-11-02 11:08:18,1951-01-14 00:00:00,"368 Dunn Plaza Suite 663
Tylerchester, SD 81740",whole,"Producer, radio",college,4,loss,before,5,(935)913-4001,(925)695-3502x7921,until,elizabethwarner@example.com,program,30.0,11,2024-01-17 23:33:34
2a98cf11-1e79-4985-9e47-6ab64a3614f5,Micheal Smith,72318,6390012,Barnesland,Missouri,Cyprus,Lopez-Hicks,2006-01-13 21:28:56,1973-07-14 00:00:00,"156 Cline Estates
Gonzalezhaven, MO 31818",situation,"Surveyor, building control",wall,9,adult,or,5,(493)628-9368x37693,571.923.6188,figure,xmacias@example.org,section,35.0,28,2024-01-17 23:33:34
e32d07b5-19a3-44d9-9acd-41509534310c,Mike Clark,1872,5939653,Brownhaven,North Dakota,Netherlands Antilles,Jackson PLC,2014-05-11 02:45:57,2022-12-15 00:00:00,"Unit 7119 Box 7855
DPO AE 99633",somebody,Paramedic,theory,8,debate,right,8,947.648.6172x38505,906-872-8758,great,ianderson@example.org,democratic,44.0,4,2024-01-17 23:33:34
6e48d940-bb5d-403a-b43e-88b09d0a2a31,Darryl Christian,31826,4583180,South Jeffrey,Hawaii,Netherlands,Taylor-Rivas,2001-09-24 19:51:42,1973-01-13 00:00:00,"68304 Joshua Trace Apt. 931
Lake Christineland, KS 89183",happen,Research scientist (medical),also,0,game,road,5,+1-782-741-7506x9824,378.712.6066,argue,robert97@example.com,American,51.0,25,2024-01-17 23:33:34
1a00c4f5-e1ff-4ca0-a08e-99be237a9d90,Courtney Sanders,71220,4006436,Mccoyshire,Georgia,French Guiana,Morris-Murillo,2008-05-06 21:06:23,1999-03-22 00:00:00,"39219 Jones Creek
Christineberg, GU 48872",push,Tour manager,pass,3,size,you,1,+1-978-671-6509x407,001-368-360-7714,finish,john85@example.com,fine,70.0,20,2024-01-17 23:33:34
ebeaf178-33b3-4985-87c3-1848b8117d73,Sean Davis,91963,8966794,Matthewmouth,North Dakota,Malawi,Stark-Martin,2007-03-19 11:37:16,2018-05-26 00:00:00,"360 William Pass Apt. 117
Michaeltown, PW 46167",or,"Lecturer, further education",own,2,firm,yes,3,7367404778,302.399.1373x777,physical,travis44@example.org,play,28.0,19,2024-01-17 23:33:34
0c479317-75d3-4254-b9f9-7519e75a710d,Kathleen Gregory,90070,6913531,New Stephanie,South Dakota,Vietnam,Manning Inc,2011-06-10 04:04:02,2013-08-08 00:00:00,"935 Carolyn Landing
Victoriaview, LA 08361",Mr,Horticultural therapist,case,3,his,game,3,+1-943-970-2030x15459,(981)760-0882x106,hot,kayla97@example.com,result,75.0,25,2024-01-17 23:33:34
0e9c4861-3525-4550-9913-5ba80d9d1539,Travis Jackson,17421,2499343,Tarachester,Washington,Brazil,Mitchell-Stuart,2009-06-01 18:07:08,2015-01-28 00:00:00,"4385 Pitts Meadow
Lake Harry, OK 02513",thing,"Administrator, sports",cost,5,eat,argue,8,8629439106,757-577-6116,at,swolfe@example.org,sell,56.0,27,2024-01-17 23:33:34
106d6e1a-25de-4ee9-a9b7-0e9f59d7a06e,Travis Salazar,7341,5770449,Rosalesshire,Pennsylvania,Falkland Islands (Malvinas),Clark-Miranda,2009-06-07 06:29:43,1922-12-04 00:00:00,"4172 Martinez Ports
West Katherine, GA 67093",ten,Academic librarian,light,4,quite,air,5,(361)959-3063x9203,(529)884-8703x925,guy,stephanie14@example.org,explain,55.0,30,2024-01-17 23:33:34
796a085a-d116-40c6-a049-0ed4050f5d62,Edward Hernandez,87291,5920009,Port Karinabury,Kansas,Indonesia,Lynch PLC,2022-07-24 02:24:19,1965-11-08 00:00:00,"892 Anthony Cape Suite 275
Lake Gabriellaland, UT 82634",national,Illustrator,someone,9,behind,risk,0,(746)843-9656x092,+1-553-967-3709x4534,sit,joseph80@example.org,purpose,83.0,7,2024-01-17 23:33:34
5bfdafc5-60e8-4aae-bb73-9d561984772b,Kelly Ramirez,31419,2631207,Stephanieton,Wisconsin,New Caledonia,Stewart-Nichols,2009-04-05 07:44:48,1998-08-04 00:00:00,"9360 Bridget Neck
Lake Anthony, MN 98911",decision,Ranger/warden,general,6,spend,training,9,+1-913-379-5739,(563)592-9821,woman,cameron41@example.net,there,80.0,24,2024-01-17 23:33:34
f8fd6dfa-d564-4da9-a504-76c07a6db39e,Steven Lee,79126,8639625,Lake Laurafurt,Montana,Norway,Davis LLC,2004-02-01 17:21:48,2004-11-18 00:00:00,"773 Kathryn Springs
Kaisertown, MH 38904",up,Commercial art gallery manager,return,0,protect,since,4,722-332-0745x70006,287.234.2658x35601,everyone,snavarro@example.net,language,69.0,22,2024-01-17 23:33:34
ed42d3b9-f48d-4491-a6cc-d9fa11f91894,Edward Preston,79121,3499798,Ochoastad,South Dakota,Hungary,Sullivan-Wilson,2001-09-30 11:19:28,1940-05-19 00:00:00,"85762 Renee Centers Apt. 522
Murphyville, NV 88656",page,Advertising copywriter,small,4,southern,law,6,397-399-2494x7917,931-987-1830,probably,andersonbradley@example.com,voice,4.0,22,2024-01-17 23:33:34
b5b49af2-6e1e-4c31-9d01-3194aee47e5d,Alexis Rivera,64753,3095297,Benjaminbury,Florida,Mali,"Green, Hernandez and Baker",2021-04-06 09:13:46,1944-07-28 00:00:00,"297 Angela Turnpike Suite 967
Hayleyton, AS 51143",himself,Forensic scientist,direction,8,movement,about,4,411.898.4296,(309)479-0868x59070,firm,jamesreynolds@example.net,lot,47.0,17,2024-01-17 23:33:34
3decb97b-d093-40ed-99be-d6aa15872bf8,Gregory Galloway,91469,1442930,Lake Bryan,Mississippi,Denmark,Carter PLC,2017-07-14 10:24:35,1938-04-06 00:00:00,"3930 Todd Village Suite 231
West Anthony, MP 85372",drug,Water engineer,product,5,would,sign,8,438-834-7246x61004,001-967-535-1544x48629,data,ericksonbrian@example.com,task,45.0,13,2024-01-17 23:33:34
4968a206-3019-4408-a9cf-2c7d99cf54f4,Paul Walker,25908,3805363,South Amber,Oregon,Trinidad and Tobago,Shea PLC,2003-11-08 03:49:58,1974-10-16 00:00:00,"89377 Dunn Knolls
South Erin, HI 54476",like,"Programmer, applications",effect,6,along,financial,2,(856)977-5748,001-382-937-6302x838,people,fjohnson@example.com,worker,58.0,18,2024-01-17 23:33:34
596feb3b-341b-45c2-89a8-6d6bb1dca2ed,Dr. Christian Cook PhD,79622,7016641,Shaneton,Indiana,Gambia,Smith Inc,2003-02-05 01:46:58,1978-05-27 00:00:00,"6801 Key Harbor
Griffithborough, WA 71413",speech,"Teacher, secondary school",manager,4,physical,thing,5,(986)485-6285x651,652.563.6987,range,teresa57@example.net,letter,56.0,30,2024-01-17 23:33:34
e9d954e3-f6c9-4cd7-95e1-a7ea9035d3f9,Laura James,75563,3156049,Lake Adrianland,Wyoming,Bahamas,"Moreno, Chang and Dunn",2002-06-20 18:57:12,1943-12-16 00:00:00,"598 Joseph Divide
Nealville, FL 17856",everyone,Advertising account planner,party,6,involve,defense,4,2695478948,528.215.4874x845,bank,hogancrystal@example.org,lead,71.0,17,2024-01-17 23:33:34
27527235-2412-492c-96a2-f50a8b02980d,Savannah Summers,17873,9633673,Ericshire,Nevada,South Africa,"Turner, Moore and Ramirez",2019-01-30 22:52:29,2017-06-21 00:00:00,"6798 Johnson Turnpike
Washingtonside, NY 14881",discover,Geographical information systems officer,social,7,this,sound,2,+1-305-801-5483x71036,(684)572-8632x8225,newspaper,colemanpaul@example.org,mean,79.0,15,2024-01-17 23:33:34
b95a41f7-5744-4d70-8f86-ec7f9293fe21,John Lewis,42567,1521959,South Brianside,Georgia,Ireland,Henry Group,2003-05-25 23:22:56,1966-10-27 00:00:00,"Unit 5488 Box 1611
DPO AE 75698",most,Physiological scientist,successful,0,usually,begin,2,520.420.6994,001-254-896-0631,account,michael20@example.com,very,18.0,26,2024-01-17 23:33:34
207d5f89-136d-429d-a16b-ac8279102507,Randy Stevenson,24898,3862955,West Stephanieland,Arizona,Suriname,Jacobs LLC,2008-06-03 13:25:00,1926-01-28 00:00:00,"538 Williams Path
Vegamouth, AL 32283",cost,Corporate treasurer,able,9,begin,change,0,+1-402-732-0916x928,960.343.1432x82497,present,nwolfe@example.com,clear,92.0,6,2024-01-17 23:33:34
acaa5a1e-405c-4a8e-ad10-57fb5225f3c8,Andrew Duffy,94241,8274455,West Christophermouth,Utah,Chile,"Shields, Moore and Sanchez",2000-09-01 08:33:00,1945-08-23 00:00:00,"541 Johnson Mount
Port Donna, VI 84157",rock,Neurosurgeon,property,9,entire,agreement,6,(418)517-4327x78281,492-892-0354x21698,song,castillotheresa@example.org,because,42.0,20,2024-01-17 23:33:34
9e1b4d76-c28a-40a7-bb88-539513b4ba48,Tracy Gilmore,56226,5052626,West Christinetown,Rhode Island,Reunion,Garcia Inc,2015-06-02 12:30:23,2018-06-14 00:00:00,"46097 Jason Burg
North William, UT 06678",response,Race relations officer,career,9,blue,change,7,832.554.9443x4306,001-799-660-9463,bank,alicia60@example.com,policy,0.0,10,2024-01-17 23:33:34
a0e4e4d9-3b2e-4941-b22b-678df5b688a3,Mitchell Snow,62893,8289325,New Edwardside,Massachusetts,Tuvalu,Cobb-Smith,2012-12-20 16:13:55,1991-08-04 00:00:00,"1617 Clark Stream
Michaelview, AL 71266",goal,Art gallery manager,exist,9,rich,executive,1,695-827-7155x7546,(856)559-7983x51863,health,vmorales@example.net,why,21.0,19,2024-01-17 23:33:34
de7c2521-a7a9-48d8-8444-4c26b1272b5b,Pamela Riley,57108,6003907,New Summer,Indiana,Thailand,Vasquez Group,2008-05-01 00:56:32,1957-07-27 00:00:00,"422 Corey Street Apt. 984
New Georgefort, MA 58521",section,Health service manager,trouble,9,visit,matter,2,+1-962-336-2409x09156,(975)677-1350,send,vgreer@example.org,their,49.0,3,2024-01-17 23:33:34
f0d29006-7dc1-4565-8959-8f50ab479fd7,Kathryn Abbott,71624,3575773,West Ginaberg,North Dakota,Timor-Leste,Butler Group,2015-12-05 15:47:11,1984-09-22 00:00:00,"921 James Mall
Port Howardborough, PR 73232",table,"Pharmacist, hospital",us,5,himself,require,7,001-650-879-4228x24442,(940)823-2488,throw,hernandezcheryl@example.org,career,78.0,11,2024-01-17 23:33:34
66eaaf2b-896e-4db2-ac6a-0ce3f8899e53,Angela Johnson,41506,3319646,West Charles,Montana,Gabon,Gross-Miranda,2019-05-26 03:48:17,1952-06-26 00:00:00,"8832 Atkinson Motorway
Williamborough, GU 88638",forget,Counselling psychologist,even,4,approach,at,5,4544399030,(238)752-1576,shake,kevin34@example.org,line,96.0,1,2024-01-17 23:33:34
5108e609-4b2b-48b9-9120-ccb6da3eac13,Amanda Jackson,39005,5520436,Beanside,West Virginia,Denmark,Edwards-Delgado,2020-06-12 02:07:08,2005-10-28 00:00:00,"2719 Richardson Skyway Apt. 806
Perezshire, OK 46414",ground,Higher education lecturer,contain,5,serious,upon,2,001-812-615-0544x3549,541-781-0771,care,jessicagill@example.com,cultural,96.0,21,2024-01-17 23:33:34
2b1fa475-cb99-4790-a581-3cfea2ca4b88,Bruce Thomas,47070,1831534,Zunigafurt,Alabama,Lithuania,Gregory-Rogers,2008-10-07 21:39:11,1936-12-11 00:00:00,"86733 Hernandez Stream
South Sheenaburgh, KY 23764",wall,Actuary,free,7,analysis,value,0,+1-819-689-5323x567,(257)390-0413x916,increase,johntaylor@example.net,government,47.0,15,2024-01-17 23:33:34
c2b68271-cfbd-44c0-8c4f-e13074ebebab,Tiffany Downs,19928,7973081,Robertsbury,New Jersey,El Salvador,Williams-Murray,2016-11-03 08:32:58,1969-08-27 00:00:00,"73304 Walker Plains Suite 066
North Dominiquetown, SD 07724",lot,Textile designer,pick,8,certainly,power,7,+1-531-324-7521x233,322.635.3845x7564,heavy,morriskenneth@example.com,manager,60.0,21,2024-01-17 23:33:34
9c87b6b7-13e8-45d3-a693-0013fae3b740,Christopher Mcintyre,51825,1768836,Jacobmouth,Arizona,Trinidad and Tobago,"Johnson, Padilla and Peterson",2019-07-29 06:15:21,1911-04-24 00:00:00,"596 Richardson Knolls
South Joseph, VI 51992",how,"Scientist, product/process development",space,0,something,myself,7,229-446-8345x485,(284)765-6403x5992,risk,simmonsnorman@example.org,if,8.0,17,2024-01-17 23:33:34
f2f0a7a4-38b3-43e5-b73f-37668ba4f2ce,Tina Robertson,87117,8677246,Melissaborough,Delaware,Spain,"Green, Griffin and Harris",2023-07-07 04:23:10,1938-07-20 00:00:00,"776 Morgan Brooks
Camposburgh, OR 46843",water,Forensic scientist,eat,1,outside,sort,4,001-498-589-5669,291.612.0883x503,tree,egarcia@example.net,study,47.0,5,2024-01-17 23:33:34
a36b545e-22c1-4833-8d85-b9b7eb756a36,John Stein,83451,7807682,Patelland,Iowa,Canada,Rodriguez-Chandler,2023-08-24 12:22:00,2003-06-04 00:00:00,"1884 Zuniga Mills
Port Paul, NY 06309",throw,"Designer, textile",strategy,2,order,study,0,7699096922,937.576.5665x64536,security,robert29@example.org,guy,13.0,6,2024-01-17 23:33:34
0ad0bc9c-ef9d-4252-a0fe-ffdfecaf4504,Cheryl Ramos,94153,527554,West Monica,New Jersey,Italy,Ellis-Cruz,2016-04-10 19:31:26,1986-03-06 00:00:00,"648 Martin Freeway
Richardsonmouth, ND 52243",career,"Copywriter, advertising",energy,1,reach,beautiful,2,(754)401-7910,472-261-6806x80735,age,maria65@example.net,certainly,91.0,19,2024-01-17 23:33:34
0bb1b006-b5db-444f-b035-2de35d73041a,Madison Ross,5317,6111553,Parkerchester,Texas,Benin,"Golden, Henson and Krueger",2023-10-04 08:31:41,1920-10-17 00:00:00,"0013 Taylor Cove
North Stephanie, WA 99613",effort,Optometrist,development,0,foreign,husband,8,001-807-858-5821x6250,001-510-235-2671x2876,yes,aweeks@example.net,increase,11.0,1,2024-01-17 23:33:34
4b301fc5-48c4-4903-a911-ea409f5ad815,Connor Moran,72002,7058151,Erikville,Wyoming,Namibia,Tate Inc,2005-04-07 11:57:00,1958-11-19 00:00:00,"44400 Taylor Groves Apt. 928
West Bradleystad, NJ 99033",product,Database administrator,analysis,7,country,which,5,+1-579-481-8525,621.960.2414,myself,thomasjohnson@example.org,road,55.0,6,2024-01-17 23:33:34
0a984b92-3f59-47c6-a9cf-85859ca35764,Leah Lucas,562,167618,North John,Montana,United Arab Emirates,Wright-Dunn,2021-11-01 09:11:02,1921-05-16 00:00:00,"7012 Lindsey Ville
Pollardmouth, NY 51776",natural,Hydrographic surveyor,significant,4,seat,off,3,+1-657-451-9932,(714)632-4210,water,xbates@example.net,appear,96.0,0,2024-01-17 23:33:34
205328ef-4c8d-437d-800f-757bd3196a4c,Justin Kelly,94410,1793224,New Jessicashire,Tennessee,Palau,Bean-Hernandez,2008-05-13 05:37:26,2001-05-02 00:00:00,"73100 Wanda Drives
Jonesshire, CA 19824",data,Agricultural engineer,establish,8,appear,happy,2,+1-444-392-0768x881,+1-812-510-1633,then,edward79@example.net,evening,18.0,1,2024-01-17 23:33:34
8c5a9481-c80a-4fa5-9bb0-58f42206c994,Emily Jordan,42729,8869633,New Kathleen,Maine,Bahamas,Marshall Group,2014-05-26 21:56:35,2017-07-27 00:00:00,"94367 Haynes Pines Apt. 771
Lake Sandrashire, ME 20736",technology,Horticultural therapist,team,4,spring,laugh,0,333.582.0349x5746,+1-417-381-8343,scene,margaretyoung@example.net,impact,41.0,9,2024-01-17 23:33:34
56e12ede-7602-424d-8d1d-3442cde7dfd0,Christine Adams,79710,6733342,Lake Kevinmouth,Minnesota,Cayman Islands,Ferguson Inc,2017-05-18 20:47:34,1934-03-08 00:00:00,"39130 Williams Center Suite 997
Jenniferborough, KY 61335",safe,"Presenter, broadcasting",skin,1,box,food,5,+1-784-612-4456,366-890-1259x1957,section,hpowell@example.com,long,86.0,24,2024-01-17 23:33:34
09864d23-727a-4a41-9ff8-aa8d64a27b64,Omar Pace,54432,589913,Lake Cindyport,Massachusetts,Guyana,"Fisher, Bowers and Roberson",2013-12-24 00:26:47,1965-10-18 00:00:00,"086 Marsh Point
New Joseside, IL 88136",southern,Scientific laboratory technician,social,9,dream,remember,1,+1-907-696-1974x164,997.244.7122x3991,set,alexanderlamb@example.com,reality,8.0,10,2024-01-17 23:33:34
70b65854-96e9-441f-9ab4-5a77ed3cfcfb,Joel Lee,34896,1148960,Hoffmanton,Idaho,Peru,"Myers, Crane and Yates",2011-04-07 15:16:17,1966-09-18 00:00:00,"Unit 3906 Box 1250
DPO AA 09525",research,Records manager,start,7,fight,debate,4,221-268-1835,3637094132,painting,clarkricky@example.com,garden,98.0,22,2024-01-17 23:33:34
807b3f70-6e42-4629-b977-80f01a97ce82,Laura Gilmore,17127,3783646,North Timothy,Nevada,Uruguay,Williams-Ballard,2003-07-30 13:28:35,1990-05-12 00:00:00,"46508 Stephanie Common
North Debraton, ME 59826",in,Naval architect,large,0,wrong,impact,9,568-545-6667,4002134706,help,yjones@example.com,piece,4.0,9,2024-01-17 23:33:34
5ca98aca-a8ef-4982-9d36-f42f56303f62,Kelsey Prince,45914,8452544,Whiteshire,Kentucky,Mauritania,"Potter, Short and Johnson",2022-04-04 14:40:34,1935-11-25 00:00:00,"114 Nicholas Corners Apt. 966
Port Michaelport, OK 44825",stock,Chief Marketing Officer,itself,8,record,week,6,(908)925-7090x309,971-297-9667,cultural,whitney49@example.org,decision,60.0,21,2024-01-17 23:33:34
b9bf6864-4d86-4815-9070-80a482489d50,Jamie Munoz,48985,1500410,East Ernest,Kentucky,Yemen,Stephens-Bernard,2009-12-20 20:19:45,1950-03-12 00:00:00,"97101 David Ways Apt. 389
Deanchester, MA 02798",I,Ecologist,everyone,3,marriage,so,1,283.528.1287,+1-803-476-8144,man,duartelindsay@example.com,shoulder,33.0,10,2024-01-17 23:33:34
d16e2452-80d4-41dc-8f9c-3d2bc5eb60a9,Jose Mcclure,22445,2910412,East Deborahchester,Mississippi,Niue,"Robertson, Lewis and Morgan",2012-07-16 06:10:53,1922-10-06 00:00:00,"1525 Pamela Fords
South Matthew, FL 35952",develop,Broadcast engineer,water,3,past,ask,6,(614)990-0080,917.709.5243,measure,amandawebster@example.org,despite,76.0,26,2024-01-17 23:33:34
c8e3bde4-3bc5-4612-a1b5-37fa297c8a28,Alexander Larson,83632,637845,Fowlerstad,South Dakota,Martinique,Copeland-Perez,2004-02-21 11:41:19,1999-09-27 00:00:00,"0242 Jones Causeway Suite 403
Wilsonhaven, MD 76066",take,Hydrographic surveyor,student,4,rule,among,2,659.801.4416x020,866-545-8829x20722,cup,broberts@example.com,idea,27.0,5,2024-01-17 23:33:34
5f030756-f5a6-43f2-a377-17a58055235f,Dylan Parker,13166,8816300,Port Erin,Vermont,Yemen,Campbell-Morgan,2018-05-04 21:35:53,1967-08-28 00:00:00,"594 Jose Gateway Apt. 593
North Devin, WV 59443",push,Magazine features editor,within,3,right,little,7,593-454-5954x9430,263-224-9526,month,crystalreynolds@example.org,continue,94.0,4,2024-01-17 23:33:34
f78a122d-18f8-4986-a446-cf1e2849299b,Christopher Rogers,66463,9477763,North Tracybury,Virginia,British Indian Ocean Territory (Chagos Archipelago,Wright PLC,2019-12-16 00:22:44,1932-09-19 00:00:00,"45211 Spencer Track
Guerraborough, ME 21876",control,Mental health nurse,single,7,particularly,citizen,5,+1-553-842-7195x6417,001-663-487-5939x1166,measure,imyers@example.net,face,14.0,7,2024-01-17 23:33:34
5db3fed0-7d22-4fc7-adb6-a305cc2277ac,James Moore,49640,6702974,East Kelly,New York,Mali,"Rodriguez, Williams and Santos",2023-11-12 21:23:08,1996-11-05 00:00:00,"042 Danielle Shoals Apt. 046
Hernandeztown, WA 55874",start,"Administrator, Civil Service",reveal,5,step,administration,0,001-704-419-9956x822,+1-394-825-5815x74466,wish,phamdennis@example.org,interesting,63.0,2,2024-01-17 23:33:34
ed296e32-91c1-4954-9f7d-71d3d401ce32,Emily Turner,86074,487288,Shermanland,New York,Czech Republic,"Stephens, Wilson and Duran",2020-04-25 10:38:09,1994-10-16 00:00:00,"659 Petersen Gateway Apt. 704
Alexanderland, IA 05533",environmental,Field seismologist,while,4,building,work,0,479-358-5193,843.307.7400x721,Mrs,stanleyteresa@example.net,continue,91.0,2,2024-01-17 23:33:34
9cc7541b-7a77-45b3-b3a6-01ca8602ff18,Juan Brown,83273,2875922,Juliemouth,Virginia,Andorra,"Hawkins, Proctor and Cowan",2011-05-31 17:44:12,2015-09-30 00:00:00,"58341 Beth Tunnel Apt. 381
New Roberttown, NC 06035",employee,Sports therapist,turn,0,fill,purpose,0,497-522-6805x5612,(524)473-6953x949,bring,kevin89@example.org,similar,22.0,19,2024-01-17 23:33:34
953fb2d3-02da-44c7-beda-a861c49ea27b,James Jones,83345,6684767,Wagnerbury,North Dakota,Northern Mariana Islands,"Jones, Odom and Powell",2017-08-26 15:35:24,2004-04-03 00:00:00,"1836 Gina Unions
Port Kristina, DC 09157",according,Economist,indeed,2,film,you,6,001-439-842-1875,(438)976-6650x1103,language,tammy14@example.net,charge,34.0,4,2024-01-17 23:33:34
962547a8-a5c5-43eb-b21d-021b5570f7f7,Teresa Rosales,20762,3904571,Wheelerburgh,Nebraska,Mayotte,Gonzales and Sons,2009-08-08 20:59:03,1973-12-16 00:00:00,"511 Williams Knolls
Lake Joseph, WI 91803",treatment,Legal executive,team,4,market,attack,2,001-628-505-6419x47103,989.510.1514x482,doctor,lweeks@example.org,myself,4.0,19,2024-01-17 23:33:34
7d40667d-18b7-443d-b615-19fbdbc46d7b,Misty Griffin,23680,6092335,Douglasport,Kansas,Lebanon,Cohen-Robinson,2012-06-07 16:33:24,1913-10-12 00:00:00,"7309 Wheeler Ramp Apt. 308
Port Jason, ND 94807",today,"Civil engineer, contracting",control,4,ok,would,2,971-816-4201x37602,(504)818-0130,even,qstark@example.org,against,49.0,10,2024-01-17 23:33:34
549262cc-564b-44de-bca2-d4c687d8d22b,Steven Madden,44686,7101680,Brandonton,California,Lebanon,"Hall, Sosa and Smith",2003-05-13 23:45:41,1947-09-27 00:00:00,"7641 Phillip Cape
Jacksonmouth, PA 27466",miss,Forensic scientist,oil,2,economy,east,7,(591)861-1655x421,615.593.4101x208,share,crystalmiller@example.net,all,33.0,30,2024-01-17 23:33:34
9fa3fdfb-4355-4b11-bdc3-3b2261e44785,Kathleen Wright,85850,3507868,North Mary,Delaware,Wallis and Futuna,"Elliott, Smith and Ferguson",2004-07-02 05:49:50,1978-08-18 00:00:00,"2583 Barbara Island
Wrightton, MP 51305",around,Industrial/product designer,fly,7,moment,season,1,550.232.6299,506.868.1756x868,item,hannahshannon@example.org,laugh,27.0,0,2024-01-17 23:33:34
96068b07-bda8-43f9-bd96-0a2d64e76906,Joseph Warner,70341,249559,North Johnhaven,Rhode Island,Guinea,Huang-Downs,2006-11-11 21:49:54,1949-10-31 00:00:00,"34592 Kayla River
Tammyburgh, OR 22021",soldier,Sports coach,guess,4,choice,common,7,995.486.4433x0434,729.614.2538x564,color,pbarker@example.org,star,27.0,19,2024-01-17 23:33:34
47255525-b6e2-475b-b335-c1d2d807c902,Tiffany Rosales,97432,1203779,North Jefferyshire,Nevada,Senegal,King-Harris,2014-07-26 01:13:28,1968-05-14 00:00:00,"354 Dawn Parkways Suite 992
New Erik, NM 48200",each,Government social research officer,physical,5,question,listen,9,829.429.2986x2465,(750)720-5310,leader,kevin01@example.org,candidate,10.0,23,2024-01-17 23:33:34
951652a3-68e7-4fc9-9ab2-739b041419be,John Watkins,90904,2481422,East Katherine,Utah,Bhutan,Smith-Fletcher,2013-09-06 20:21:05,2021-09-30 00:00:00,"497 Obrien Glen Apt. 846
West Daniel, PR 86035",pull,Furniture designer,participant,1,suddenly,war,2,619-458-1188x080,308.246.2189x07311,white,nancy15@example.com,let,53.0,4,2024-01-17 23:33:34
bd6b0809-faf0-4a05-9b2d-cb332fea3757,Felicia Hodges,1491,1912275,North Jennifer,Minnesota,Zambia,"Ramirez, Davis and Watkins",2017-11-18 12:05:02,1933-01-11 00:00:00,"21847 Lisa Track Apt. 873
East Amber, NJ 26241",act,Technical brewer,free,5,dog,per,2,(958)639-9008,(891)381-4378,voice,richard90@example.net,late,18.0,4,2024-01-17 23:33:34
fdcb2484-a5f7-461b-bf14-9411136b353b,Shawna Jackson,34664,7437014,Robertville,New Hampshire,Lao People's Democratic Republic,Donaldson LLC,2003-12-10 07:19:23,1909-07-04 00:00:00,"0568 Matthew Ville Suite 028
Williamsside, NY 92574",air,Podiatrist,work,3,within,development,4,+1-901-834-3323x045,001-815-383-7714x166,mention,jimmy82@example.org,interest,49.0,6,2024-01-17 23:33:34
273fc345-f5a7-4a65-a3de-2b258015dc70,Laura Lamb,75037,8157331,West Joanneton,Texas,Moldova,Walton LLC,2019-08-28 05:30:27,1935-04-05 00:00:00,"393 Robert Well
West Christy, AS 24175",ago,Ergonomist,outside,5,economy,tonight,4,831.743.2882,+1-899-687-5334,have,hannah77@example.net,window,79.0,27,2024-01-17 23:33:34
4528eb2e-8247-4cc6-97d2-2f59902c27f2,Katherine Lucas,53057,1145587,North Howard,Arkansas,Niger,Choi-Diaz,2006-01-06 11:14:41,1987-07-30 00:00:00,"7781 Derrick Motorway
West Eric, AS 18830",marriage,Physiotherapist,science,4,suffer,find,6,(366)898-6238,333.355.5815,on,david40@example.net,me,61.0,2,2024-01-17 23:33:34
5054e822-b54d-4e41-a83d-7818827d6e55,Alicia Hall,85884,978761,North Courtneyville,Oklahoma,Mexico,Carroll Inc,2015-08-06 10:32:32,1976-05-25 00:00:00,"59223 Mathis Hill Suite 202
Davidfurt, ME 30909",common,Chartered accountant,entire,0,history,machine,9,+1-574-839-9432x266,+1-726-448-5195x6469,improve,sotodanielle@example.org,economy,83.0,30,2024-01-17 23:33:34
bb4a92b5-736a-4191-9625-961dab4b3223,Douglas James,23137,6252178,Hansenberg,Illinois,Nicaragua,"Curry, Johnson and Hernandez",2010-01-02 17:03:59,1979-01-28 00:00:00,"0569 Harris Greens
South John, HI 61543",local,Environmental manager,director,4,TV,nation,4,590.331.3715,508.386.0761x36179,appear,lpennington@example.net,term,17.0,6,2024-01-17 23:33:34
25d0fbbf-f88a-4ae8-9324-3beb44089277,Kevin Mathis,76701,2320447,Judyview,Montana,Bouvet Island (Bouvetoya),"Sanchez, Jones and Floyd",2022-06-19 05:31:24,2011-01-09 00:00:00,"867 Dawn Cliffs Apt. 189
Hannahfurt, AR 63837",bill,Patent attorney,newspaper,4,fund,which,5,720.262.0921x0092,487.598.9734,probably,wlang@example.org,have,39.0,4,2024-01-17 23:33:34
7d9cec1a-75a3-427a-b4ce-2d970476a36f,Emily Welch,66200,7030097,Lake Markmouth,Connecticut,Honduras,Morgan-Warner,2000-07-31 15:08:05,1989-07-08 00:00:00,"36594 Patrick Plains
Ericachester, DE 81938",practice,"Nurse, learning disability",way,5,chair,center,0,5487308979,390-322-4114x34434,clearly,bairdemily@example.net,company,93.0,5,2024-01-17 23:33:34
3ec6b3c0-cf18-4be5-ac4f-431885b23900,Matthew Hall,82681,9695786,East Carlosport,Iowa,Saint Pierre and Miquelon,Andrews-Lyons,2006-09-22 14:58:16,1947-11-03 00:00:00,"34459 Green Knoll
New Mary, KS 81898",attorney,IT trainer,piece,9,believe,discussion,4,(434)928-2971,(300)938-5679x87787,others,debrathompson@example.net,hotel,84.0,11,2024-01-17 23:33:34
0aa52400-7244-4783-862f-cc3d41273e6c,Eric Nelson,96808,1285948,North Kimberlyfurt,Maryland,Benin,Morrison Inc,2008-11-05 16:21:15,1921-04-03 00:00:00,"46705 Bryant Fork Suite 246
New Jeffreyhaven, LA 86488",head,Quantity surveyor,benefit,0,institution,mission,6,(761)613-5510x3145,+1-245-682-0012,record,chapmanjessica@example.net,top,60.0,11,2024-01-17 23:33:34
e86d20fd-aa91-491d-81f4-0a4b8bed13ce,Julia Wilson,49397,2748427,South Thomas,Virginia,Norway,Gonzalez-Savage,2009-06-04 07:10:45,1936-08-08 00:00:00,"03410 Brown Islands
Ericmouth, MH 75284",notice,Product designer,act,6,fine,tax,9,943.359.3273x860,590-989-5812,information,zachary44@example.com,attack,62.0,0,2024-01-17 23:33:34
aee10a87-6f1c-4082-8829-256f3a9e396a,Logan Stephens,94228,5885467,West Joshuachester,Florida,Switzerland,Reyes Group,2004-10-07 11:57:55,1955-07-13 00:00:00,"82922 Zuniga Shores
Martinbury, CT 86109",set,Product manager,say,5,office,voice,0,422-316-6250x2756,781.373.9985x6472,determine,lynnsanchez@example.com,claim,34.0,21,2024-01-17 23:33:34
5aeafa6f-f29a-4d28-bf3e-f4913a0a9ef2,Jesus Rodgers,70164,976594,North Chelseafort,Iowa,Finland,Park LLC,2020-05-03 15:25:37,1976-01-23 00:00:00,"PSC 6328, Box 5606
APO AE 97917",green,Risk analyst,safe,3,increase,my,5,241.275.7221,384-742-1619,civil,elizabethlogan@example.net,page,24.0,6,2024-01-17 23:33:34
02bd8215-a2ac-45e0-9f3c-7b6674710564,Tiffany King,97956,6697620,Melanieburgh,Washington,Tajikistan,Young Ltd,2018-04-14 03:58:32,1947-04-14 00:00:00,"8014 Margaret Run
Riveratown, CT 91786",smile,Contractor,clear,7,area,room,3,001-876-440-1143,(995)951-0878,mission,adamsmelanie@example.com,standard,14.0,3,2024-01-17 23:33:34
23d05579-2771-4c4e-8760-9096ea8b9a83,Anita Orozco,95484,4028583,West Tammy,Minnesota,Belize,Morris-Hicks,2002-11-26 18:15:29,1961-12-21 00:00:00,"9088 Price Extension
Stevenshire, MN 09558",always,"Therapist, art",song,9,seek,specific,8,001-212-304-8558x8345,2012675936,economy,justin15@example.org,military,57.0,19,2024-01-17 23:33:34
966c39a0-6751-4705-82a2-63ebb17ea526,Julie Hayes,57227,4146857,Port Rachel,Minnesota,South Africa,Perry LLC,2000-06-20 18:43:03,1968-12-02 00:00:00,"80732 Matthew Neck
Robertashire, MN 33810",hear,Manufacturing engineer,note,8,do,drive,7,202.405.3957x5322,001-637-449-7373x0607,wait,christopher10@example.org,rest,25.0,6,2024-01-17 23:33:34
452adc0c-fc9f-4dc3-9199-8f5a3d1d0df3,Kenneth Rangel,24900,5967765,Kristinehaven,Minnesota,Andorra,"Evans, Chambers and Mcconnell",2023-03-07 01:12:18,1976-10-05 00:00:00,"USCGC Carpenter
FPO AP 99407",gas,Production manager,those,2,manager,hot,5,748.401.5230x845,001-557-775-3207x34836,wait,mwalls@example.net,serve,75.0,17,2024-01-17 23:33:34
75bfe182-afc8-4443-81ea-322355cb2c96,Brittany Walker,36093,8490510,Port Davidfurt,Delaware,Isle of Man,Frey Inc,2003-07-01 21:11:59,2005-04-30 00:00:00,"5168 Davila Fort
Thompsonbury, VT 50176",condition,Trade union research officer,hit,5,guess,lawyer,3,+1-280-735-3178x1580,(232)330-3557x02121,sister,cdavis@example.com,still,30.0,4,2024-01-17 23:33:34
e0a53025-5626-4200-9fc5-3dd2e8165922,Joseph Cunningham,30157,1770679,East Megan,Wisconsin,Australia,Lopez-Henderson,2017-06-07 20:39:04,1985-06-30 00:00:00,"PSC 3297, Box 0361
APO AP 40804",buy,Actor,gun,1,it,modern,6,001-851-640-8254x199,001-700-877-7003x0473,bed,briananderson@example.net,strategy,75.0,16,2024-01-17 23:33:34
46b813e6-1a39-4f91-8730-1175587ed033,Kylie Young,35812,9644008,Christineview,Georgia,Turkey,Phillips Group,2018-11-20 09:45:32,1963-02-15 00:00:00,"7291 Carey Fields
Port Elizabeth, OR 33051",everybody,Economist,suddenly,7,design,wear,1,(688)395-9508x50322,581-342-1475x8653,conference,carlaspencer@example.org,store,32.0,14,2024-01-17 23:33:34
7473381f-e163-4948-8c51-f620c7d7205a,Julian Ruiz,96934,5186144,Heatherfort,Massachusetts,Saint Lucia,Mason PLC,2008-10-08 11:59:55,1924-09-03 00:00:00,"00211 Rivers Oval Apt. 682
West Christinebury, PA 07472",next,"Clinical scientist, histocompatibility and immunogenetics",ability,5,reduce,indicate,5,660-614-3524x885,(210)853-1385x850,often,adamssamuel@example.net,see,59.0,29,2024-01-17 23:33:34
83f1ef3a-a966-4e1a-a43b-c7bc93cd0939,Timothy Williamson,61107,6087919,South Dana,Minnesota,Russian Federation,Roth-Fischer,2013-07-01 16:29:07,1960-03-10 00:00:00,"63851 Perkins Burgs Apt. 649
New Johnside, MH 31228",a,Structural engineer,perhaps,3,build,agreement,4,+1-955-988-2427x654,+1-665-661-8249x870,want,roy64@example.com,between,62.0,24,2024-01-17 23:33:34
cc3c2bf5-df76-41ab-af7a-dca7d5b8d7f8,Connie Lopez,81485,5829189,East Deanna,Missouri,Mexico,Garner-Solomon,2006-04-12 02:03:22,1936-03-16 00:00:00,"27243 Rocha Mills Apt. 817
Nguyenport, NM 33513",mission,Personal assistant,short,8,environmental,senior,9,001-974-584-4196x436,001-749-855-4121x407,enter,peggynguyen@example.com,least,30.0,15,2024-01-17 23:33:34
c3a2557d-81b7-424e-84a9-2f68770de96c,David Smith,64113,4948090,Lake Beth,West Virginia,Panama,Cunningham-Mccall,2005-01-10 13:03:55,1935-04-19 00:00:00,"USNV Roberts
FPO AE 12076",without,"Engineer, chemical",member,5,what,ready,4,(414)820-9402x78537,(769)806-6853x9774,establish,theresacollins@example.org,speech,29.0,9,2024-01-17 23:33:34
8e8c15e3-4015-419c-a0ed-da0969a99869,Jennifer Maxwell,51348,8535628,Port Teresa,Pennsylvania,Bulgaria,"Miller, Smith and Sanchez",2000-07-16 06:35:49,2013-10-23 00:00:00,"083 Amber Extension
Rachaelmouth, WI 73518",science,"Scientist, research (physical sciences)",energy,6,beat,wind,1,(736)785-3495x717,+1-736-318-5793x12860,measure,seanmoore@example.com,brother,79.0,0,2024-01-17 23:33:34
7b23371f-30eb-4fc4-bc26-3fbe3b2e8755,Eric Anderson,30461,7157440,South Eric,Kentucky,Malaysia,"White, White and Gould",2001-05-04 19:19:53,1954-08-30 00:00:00,"743 Adam Inlet Apt. 967
Lake Ashley, HI 24689",region,Advertising account executive,administration,5,but,nearly,7,(659)500-1442x582,502.306.2250,boy,teresa98@example.org,free,52.0,17,2024-01-17 23:33:34
85fd2348-4884-405f-9941-da52ffa07719,Michael Moore,71555,4169202,Brittanyfurt,Nevada,Morocco,"Payne, Cohen and Sutton",2013-12-05 18:48:47,1942-12-03 00:00:00,"606 Bethany Forge
Markview, MP 95859",time,Product manager,chance,0,simple,line,8,881-348-7813,+1-927-480-0694x365,on,margaretdiaz@example.com,red,53.0,23,2024-01-17 23:33:34
77c4936f-9bfc-44e9-a72f-cb23295d10e1,Cody Moore,31893,9079819,West Michellemouth,Hawaii,Estonia,Hopkins PLC,2014-08-14 12:52:38,2004-05-16 00:00:00,"12413 Brenda Curve
West Sandra, NE 64064",treatment,Fitness centre manager,me,7,college,probably,4,378-475-9404x8646,+1-700-855-0405x15418,culture,michael92@example.net,million,20.0,30,2024-01-17 23:33:34
c9d690cf-a34c-4899-a019-a7b212e649e8,Michele Gardner,23197,1277238,West Karenmouth,South Carolina,Bahamas,"Morgan, Barnes and Ford",2007-03-05 03:15:48,2010-10-22 00:00:00,"14958 Jonathan Junction
New Johnberg, VI 04632",first,Tourism officer,receive,1,responsibility,have,9,(897)447-3375x587,659-251-1643,light,brian76@example.org,know,88.0,30,2024-01-17 23:33:34
d18821d2-1313-466f-bfcc-8c212c135574,Chloe Wagner,1654,2856774,North Stacy,Maryland,Armenia,Quinn Ltd,2018-07-14 15:00:58,1909-03-31 00:00:00,"057 Frank Junctions
Watsonstad, HI 86994",catch,Counsellor,find,0,Democrat,difficult,0,001-778-960-1197x29772,001-339-436-5086x7010,strategy,mark92@example.org,sign,18.0,8,2024-01-17 23:33:34
793612aa-b06d-4552-9415-020a10561989,Derek Porter,94323,1373109,Lake Jenniferburgh,Connecticut,Somalia,"Ortega, Reyes and Meyer",2023-09-29 01:17:30,1944-04-24 00:00:00,"848 Schwartz Mews
Riveramouth, KS 88615",often,"Conservation officer, nature",those,1,read,finally,0,(398)528-8659x698,+1-769-883-3520x052,several,jillchase@example.org,building,49.0,26,2024-01-17 23:33:34
bb686321-2dc6-4a03-b1ea-e4fcf0ce0534,Stacy Davis DDS,40843,2858054,North Matthewfurt,Mississippi,Solomon Islands,Gibson-Osborne,2008-04-07 00:42:44,1943-11-07 00:00:00,"446 Sarah Loop Suite 443
North Joshuafurt, CT 35767",receive,"Engineer, electronics",present,0,animal,really,7,680.236.1213x7288,847-629-1465x9118,class,danielray@example.net,worry,22.0,28,2024-01-17 23:33:34
5de63229-675b-41b7-b60d-3e31fdb33ab8,Brittany Hart,59537,4501654,New Paulbury,Rhode Island,Jersey,Ibarra Group,2015-01-03 00:25:51,1981-12-29 00:00:00,"912 Thompson Causeway Suite 132
East Katelynchester, FL 06963",pay,Arts administrator,beat,5,style,lawyer,1,3714682191,(972)506-0746x655,represent,andreathomas@example.com,down,51.0,24,2024-01-17 23:33:34
ef35d554-86de-4839-bf93-bd5e47741cc8,Sarah Jones,56071,1213707,South Shannonmouth,New Mexico,Estonia,"Smith, Vang and Smith",2021-11-05 09:01:38,1922-11-13 00:00:00,"724 Schmidt Shores Apt. 833
Burnsport, DC 15298",suddenly,Holiday representative,hour,1,brother,once,2,821.756.6984x110,+1-972-460-6513x459,professor,destinyhughes@example.net,treat,81.0,3,2024-01-17 23:33:34
1c84398a-674a-40a1-bb2d-8321614171e7,Jonathan May,45093,3525245,North Brooke,Wyoming,Canada,"Farrell, Ware and Branch",2023-01-11 16:55:21,1929-08-03 00:00:00,"59390 Richard Lane Suite 250
New Johnnyland, ME 67165",along,"Engineer, civil (consulting)",reflect,5,professor,before,9,300-354-8250x723,+1-628-698-9512,billion,jason78@example.org,social,25.0,10,2024-01-17 23:33:34
143d52c9-8386-40b6-92e5-b326205e53cf,Joseph Bell,90497,2225815,Port Antonio,Texas,Cook Islands,"Bird, Boyer and Goodwin",2003-10-12 14:15:29,1917-02-28 00:00:00,"1278 Timothy Mountains
Jasonland, MH 49695",player,Actuary,color,2,local,ball,3,577-549-2303,360-392-7141x0756,energy,phillipmurray@example.org,line,98.0,26,2024-01-17 23:33:34
3e5cfa4c-3520-43d7-9e79-405a369fbde4,Kari Griffith MD,93776,3268860,Garrisonport,Iowa,Sierra Leone,Stanton-Jackson,2005-01-25 15:30:49,2019-05-14 00:00:00,"Unit 6400 Box 1514
DPO AE 45728",wear,Prison officer,attack,3,ahead,last,6,001-590-748-2640x8261,(970)630-5230,woman,gordonanthony@example.com,short,64.0,23,2024-01-17 23:33:34
9787a65b-6067-4320-809d-0c12a6ad4434,Kevin Nguyen,14384,1512683,Carpenterhaven,Alabama,Albania,Mitchell-Lopez,2019-12-08 05:38:39,1915-07-03 00:00:00,"00050 Elizabeth Via
New Garymouth, VA 08195",central,Herpetologist,full,8,instead,something,5,712.328.1162,(669)664-9599,wife,bstevens@example.com,produce,79.0,3,2024-01-17 23:33:34
fc8f5dff-66ce-4e9d-9a86-1336895e6680,Cynthia Hunt,47503,4119326,New Valerie,South Carolina,Tokelau,Robinson-Morris,2006-10-11 13:51:23,2002-11-17 00:00:00,"PSC 1619, Box 7840
APO AP 59198",work,Oncologist,edge,9,specific,from,9,865.236.6351x65682,986-561-5160x0505,again,ashley68@example.com,religious,15.0,7,2024-01-17 23:33:34
